epoch,train_loss,dev_loss,train_nll,dev_nll,lr,seconds
1,4.3583,3.2058,3.6621,2.3091,0.000218,65
2,2.8912,2.4855,1.9698,1.4567,0.000435,65
3,2.3767,2.1414,1.3731,1.0409,0.000653,66
4,2.0534,1.9279,0.9960,0.7694,0.000871,66
5,1.8890,1.8450,0.8065,0.6782,0.000942,66
6,1.7640,1.7240,0.6668,0.5528,0.000860,66
7,1.6786,1.6758,0.5736,0.4942,0.000796,66
8,1.6210,1.6472,0.5115,0.4715,0.000744,66
9,1.5714,1.5926,0.4580,0.4073,0.000702,66
10,1.5135,1.5511,0.3950,0.3575,0.000666,66
11,1.4713,1.5169,0.3496,0.3224,0.000635,66
12,1.4437,1.5026,0.3203,0.3135,0.000608,66
13,1.4226,1.4890,0.2981,0.3011,0.000584,66
14,1.4076,1.4802,0.2825,0.2877,0.000563,66
15,1.3944,1.4712,0.2687,0.2796,0.000544,66
16,1.3823,1.4606,0.2561,0.2700,0.000526,66
17,1.3744,1.4701,0.2482,0.2745,0.000511,66
18,1.3655,1.4554,0.2389,0.2677,0.000496,66
19,1.3593,1.4541,0.2326,0.2641,0.000483,66
20,1.3520,1.4569,0.2250,0.2678,0.000471,65
